Product URL,Product Name,Product Price,Rating,Number of Reviews
https://www.amazon.in/Wesley-Milestone-Waterproof-Backpack-Business/dp/B084JGJ8PF/ref=sr_1_1?crid=2M096C61O4MLT&keywords=bags&qid=1697548153&sprefix=ba%2Caps%2C283&sr=8-1,Wesley Milestone 2.0 Casual Waterproof Laptop Backpack/Office Bag/School Bag/College Bag/Business Bag/Travel Backpack (Dimensions:13x18 inches) (Compatible with 15.6 inch laptop) 30 L (Blue & black),499,4.3 out of 5 stars,"13,221"
https://www.amazon.in/FUR-JADEN-Leatherette-Polypropylene-DUFF05/dp/B07M9BRCQ5/ref=sr_1_2?crid=2M096C61O4MLT&keywords=bags&qid=1697548153&sprefix=ba%2Caps%2C283&sr=8-2,Fur Jaden Brown Textured Leatherette Stylish & Spacious Weekender Duffle Bag for Travel,799,4.3 out of 5 stars,"6,874"
https://www.amazon.in/American-Tourister-AMT-SCH-02/dp/B07CJCGM1M/ref=sr_1_3?crid=2M096C61O4MLT&keywords=bags&qid=1697548153&sprefix=ba%2Caps%2C283&sr=8-3,American Tourister Fizz Large Size 32 Ltrs Casual Backpack (BLACK),899,4.0 out of 5 stars,"56,347"
https://www.amazon.in/Lenovo-15-6-Inches-Everyday-Backpack/dp/B08R7RPVJF/ref=sr_1_4?crid=2M096C61O4MLT&keywords=bags&qid=1697548153&sprefix=ba%2Caps%2C283&sr=8-4,"Lenovo 15.6"" (39.62cm) Slim Everyday Backpack, Made in India, Compact, Water-resistant, Organized storage:Laptop sleeve,tablet pocket,front workstation,2-side pockets,Padded adjustable shoulder straps",449,4.3 out of 5 stars,"5,256"
https://www.amazon.in/Wesley-Spartan-Hiking-Raincover-Organiser/dp/B098QFF5TJ/ref=sr_1_5?crid=2M096C61O4MLT&keywords=bags&qid=1697548153&sprefix=ba%2Caps%2C283&sr=8-5,Wesley Spartan Unisex Travel Hiking Laptop Bag fits Upto 17.3 inch with Raincover and Internal Organiser Backpack Rucksack College Bag,689,4.1 out of 5 stars,"1,951"
https://www.amazon.in/Half-Moon-Backpack-Luggage-Compartment/dp/B09VCLZ3K4/ref=sr_1_6?crid=2M096C61O4MLT&keywords=bags&qid=1697548153&sprefix=ba%2Caps%2C283&sr=8-6,Half Moon Large 37L Laptop Bag Backpack for menं Women Boys and Girls Luggage Travel Bags with 17.3 inches Laptop Compartment & Rain Cover,689,3.9 out of 5 stars,"3,842"
https://www.amazon.in/Number-Backpack-Compartment-Charging-Organizer/dp/B09VTDMRY7/ref=sr_1_7?crid=2M096C61O4MLT&keywords=bags&qid=1697548153&sprefix=ba%2Caps%2C283&sr=8-7,"FUR JADEN Anti Theft Number Lock Backpack Bag with 15.6 Inch Laptop Compartment, USB Charging Port & Organizer Pocket for Men Women Boys Girls",699,4.1 out of 5 stars,"6,653"
https://www.amazon.in/TRUE-HUMAN-Anti-Theft-backpack-charging/dp/B09QJ7ZF2Y/ref=sr_1_8?crid=2M096C61O4MLT&keywords=bags&qid=1697548153&sprefix=ba%2Caps%2C283&sr=8-8,TRUE HUMAN EMPEROR® Anti-Theft backpack With USB charging Port Laptop bag/Office bag/college bag/travel bag with anti -theft back pocket (LEGEND),529,3.7 out of 5 stars,"2,764"
https://www.amazon.in/Wesley-Milestone-Waterproof-Backpack-Business/dp/B085S444JV/ref=sr_1_9?crid=2M096C61O4MLT&keywords=bags&qid=1697548153&sprefix=ba%2Caps%2C283&sr=8-9,"Wesley Milestone 2.0 Casual Waterproof Laptop Backpack/Office Bag/School Bag/College Bag/Business Bag/Travel Backpack (Dimensions:13x18 inches) (Compatible with 15.6"" laptop) 30 L, Charcoal black",499,4.3 out of 5 stars,"13,221"
https://www.amazon.in/ADISA-BP010-Weight-Casual-Backpack/dp/B07MXL986B/ref=sr_1_10?crid=2M096C61O4MLT&keywords=bags&qid=1697548153&sprefix=ba%2Caps%2C283&sr=8-10,ADISA 32 Ltrs Water Resistant Casual Travel Bagpack/College Backpack/School Office Bag for Men and Women,374,3.9 out of 5 stars,"4,291"
https://www.amazon.in/Half-Moon-Waterproof-Backpack-Students/dp/B085MHDJ93/ref=sr_1_11?crid=2M096C61O4MLT&keywords=bags&qid=1697548153&sprefix=ba%2Caps%2C283&sr=8-11,"Half Moon 35L Water Resistant 15.6 inch Laptop Bag/ Backpack, Navy Blue | Office Bag for Men and Women with Padded Laptop Compartment | Rain Cover & Reflective Strips",549,3.9 out of 5 stars,"17,605"
https://www.amazon.in/Backpack-Small-Black-Water-Repellant/dp/B088XB5XY8/ref=sr_1_12?crid=2M096C61O4MLT&keywords=bags&qid=1697548153&sprefix=ba%2Caps%2C283&sr=8-12,"Mi Step Out 12 L Mini Backpack (Small Size, Black, Water Repellant)",229,4.1 out of 5 stars,"10,270"
https://www.amazon.in/Impulse-Belux-Backpack-Resistant-Black/dp/B0CJHL12N9/ref=sr_1_13?crid=2M096C61O4MLT&keywords=bags&qid=1697548153&sprefix=ba%2Caps%2C283&sr=8-13,Impulse Belux 45L Laptop Backpack/Office Bag/School Bag/College Bag/Business Bag/Travel Backpack Water Resistant Fits Up to 16 Inch Laptop with 1 Year Warranty,510,5.0 out of 5 stars,11
https://www.amazon.in/Gear-Classic-Leather-Backpack-LBPCLSLTH0519/dp/B07G4JQX2F/ref=sr_1_14?crid=2M096C61O4MLT&keywords=bags&qid=1697548153&sprefix=ba%2Caps%2C283&sr=8-14,Gear Classic 20L Small Faux Leather Water Resistant Anti Theft Laptop Bag/Backpack for Men/Women (Navy-Tan),799,4.4 out of 5 stars,"6,797"
https://www.amazon.in/Safari-45L-21-OB-BLK/dp/B07BZ5VC4H/ref=sr_1_15?crid=2M096C61O4MLT&keywords=bags&qid=1697548153&sprefix=ba%2Caps%2C283&sr=8-15,Safari Seek 45 Ltrs Overnighter Expandable Travel Laptop Backpack,"2,299",4.5 out of 5 stars,"7,727"
https://www.amazon.in/Safari-Laptop-Backpack-Raincover-college/dp/B097JH4V5G/ref=sr_1_16?crid=2M096C61O4MLT&keywords=bags&qid=1697548153&sprefix=ba%2Caps%2C283&sr=8-16,"Safari Omega 30L Laptop Backpack with Raincover, school bag for boys and girls, college bag, office bag, travel bag for men and women, Teal",699,3.9 out of 5 stars,155
https://www.amazon.in/Wesley-Milestone-Waterproof-Backpack-Business/dp/B084JGJ8PF/ref=sr_1_1?crid=2M096C61O4MLT&keywords=bags&qid=1697548157&sprefix=ba%2Caps%2C283&sr=8-1,Wesley Milestone 2.0 Casual Waterproof Laptop Backpack/Office Bag/School Bag/College Bag/Business Bag/Travel Backpack (Dimensions:13x18 inches) (Compatible with 15.6 inch laptop) 30 L (Blue & black),499,4.3 out of 5 stars,"13,221"
https://www.amazon.in/FUR-JADEN-Leatherette-Polypropylene-DUFF05/dp/B07M9BRCQ5/ref=sr_1_2?crid=2M096C61O4MLT&keywords=bags&qid=1697548157&sprefix=ba%2Caps%2C283&sr=8-2,Fur Jaden Brown Textured Leatherette Stylish & Spacious Weekender Duffle Bag for Travel,799,4.3 out of 5 stars,"6,874"
https://www.amazon.in/American-Tourister-AMT-SCH-02/dp/B07CJCGM1M/ref=sr_1_3?crid=2M096C61O4MLT&keywords=bags&qid=1697548157&sprefix=ba%2Caps%2C283&sr=8-3,American Tourister Fizz Large Size 32 Ltrs Casual Backpack (BLACK),899,4.0 out of 5 stars,"56,347"
https://www.amazon.in/Lenovo-15-6-Inches-Everyday-Backpack/dp/B08R7RPVJF/ref=sr_1_4?crid=2M096C61O4MLT&keywords=bags&qid=1697548157&sprefix=ba%2Caps%2C283&sr=8-4,"Lenovo 15.6"" (39.62cm) Slim Everyday Backpack, Made in India, Compact, Water-resistant, Organized storage:Laptop sleeve,tablet pocket,front workstation,2-side pockets,Padded adjustable shoulder straps",449,4.3 out of 5 stars,"5,256"
https://www.amazon.in/Wesley-Spartan-Hiking-Raincover-Organiser/dp/B098QFF5TJ/ref=sr_1_5?crid=2M096C61O4MLT&keywords=bags&qid=1697548157&sprefix=ba%2Caps%2C283&sr=8-5,Wesley Spartan Unisex Travel Hiking Laptop Bag fits Upto 17.3 inch with Raincover and Internal Organiser Backpack Rucksack College Bag,689,4.1 out of 5 stars,"1,951"
https://www.amazon.in/Half-Moon-Backpack-Luggage-Compartment/dp/B09VCLZ3K4/ref=sr_1_6?crid=2M096C61O4MLT&keywords=bags&qid=1697548157&sprefix=ba%2Caps%2C283&sr=8-6,Half Moon Large 37L Laptop Bag Backpack for menं Women Boys and Girls Luggage Travel Bags with 17.3 inches Laptop Compartment & Rain Cover,689,3.9 out of 5 stars,"3,842"
https://www.amazon.in/Number-Backpack-Compartment-Charging-Organizer/dp/B09VTDMRY7/ref=sr_1_7?crid=2M096C61O4MLT&keywords=bags&qid=1697548157&sprefix=ba%2Caps%2C283&sr=8-7,"FUR JADEN Anti Theft Number Lock Backpack Bag with 15.6 Inch Laptop Compartment, USB Charging Port & Organizer Pocket for Men Women Boys Girls",699,4.1 out of 5 stars,"6,653"
https://www.amazon.in/TRUE-HUMAN-Anti-Theft-backpack-charging/dp/B09QJ7ZF2Y/ref=sr_1_8?crid=2M096C61O4MLT&keywords=bags&qid=1697548157&sprefix=ba%2Caps%2C283&sr=8-8,TRUE HUMAN EMPEROR® Anti-Theft backpack With USB charging Port Laptop bag/Office bag/college bag/travel bag with anti -theft back pocket (LEGEND),529,3.7 out of 5 stars,"2,764"
https://www.amazon.in/Wesley-Milestone-Waterproof-Backpack-Business/dp/B085S444JV/ref=sr_1_9?crid=2M096C61O4MLT&keywords=bags&qid=1697548157&sprefix=ba%2Caps%2C283&sr=8-9,"Wesley Milestone 2.0 Casual Waterproof Laptop Backpack/Office Bag/School Bag/College Bag/Business Bag/Travel Backpack (Dimensions:13x18 inches) (Compatible with 15.6"" laptop) 30 L, Charcoal black",499,4.3 out of 5 stars,"13,221"
https://www.amazon.in/ADISA-BP010-Weight-Casual-Backpack/dp/B07MXL986B/ref=sr_1_10?crid=2M096C61O4MLT&keywords=bags&qid=1697548157&sprefix=ba%2Caps%2C283&sr=8-10,ADISA 32 Ltrs Water Resistant Casual Travel Bagpack/College Backpack/School Office Bag for Men and Women,374,3.9 out of 5 stars,"4,291"
https://www.amazon.in/Half-Moon-Waterproof-Backpack-Students/dp/B085MHDJ93/ref=sr_1_11?crid=2M096C61O4MLT&keywords=bags&qid=1697548157&sprefix=ba%2Caps%2C283&sr=8-11,"Half Moon 35L Water Resistant 15.6 inch Laptop Bag/ Backpack, Navy Blue | Office Bag for Men and Women with Padded Laptop Compartment | Rain Cover & Reflective Strips",549,3.9 out of 5 stars,"17,605"
https://www.amazon.in/Impulse-Belux-Backpack-Resistant-Black/dp/B0CJHL12N9/ref=sr_1_12?crid=2M096C61O4MLT&keywords=bags&qid=1697548157&sprefix=ba%2Caps%2C283&sr=8-12,Impulse Belux 45L Laptop Backpack/Office Bag/School Bag/College Bag/Business Bag/Travel Backpack Water Resistant Fits Up to 16 Inch Laptop with 1 Year Warranty,510,5.0 out of 5 stars,11
https://www.amazon.in/Backpack-Small-Black-Water-Repellant/dp/B088XB5XY8/ref=sr_1_13?crid=2M096C61O4MLT&keywords=bags&qid=1697548157&sprefix=ba%2Caps%2C283&sr=8-13,"Mi Step Out 12 L Mini Backpack (Small Size, Black, Water Repellant)",229,4.1 out of 5 stars,"10,270"
https://www.amazon.in/Gear-Classic-Leather-Backpack-LBPCLSLTH0519/dp/B07G4JQX2F/ref=sr_1_14?crid=2M096C61O4MLT&keywords=bags&qid=1697548157&sprefix=ba%2Caps%2C283&sr=8-14,Gear Classic 20L Small Faux Leather Water Resistant Anti Theft Laptop Bag/Backpack for Men/Women (Navy-Tan),799,4.4 out of 5 stars,"6,797"
https://www.amazon.in/Amazon-Brand-Presto-Oxo-Biodegradable-Garbage/dp/B0821PN8L4/ref=sr_1_15?crid=2M096C61O4MLT&keywords=bags&qid=1697548157&sprefix=ba%2Caps%2C283&sr=8-15,"Amazon Brand - Presto! Oxo-Biodegradable Garbage Bags, Medium -(19 x 21 inches) - 30 bags/roll (Pack of 6, Black)",289,4.4 out of 5 stars,"35,896"
https://www.amazon.in/Safari-Laptop-Backpack-Raincover-college/dp/B097JH4V5G/ref=sr_1_16?crid=2M096C61O4MLT&keywords=bags&qid=1697548157&sprefix=ba%2Caps%2C283&sr=8-16,"Safari Omega 30L Laptop Backpack with Raincover, school bag for boys and girls, college bag, office bag, travel bag for men and women, Teal",699,3.9 out of 5 stars,155
https://www.amazon.in/Wesley-Milestone-Waterproof-Backpack-Business/dp/B084JGJ8PF/ref=sr_1_1?crid=2M096C61O4MLT&keywords=bags&qid=1697548159&sprefix=ba%2Caps%2C283&sr=8-1,Wesley Milestone 2.0 Casual Waterproof Laptop Backpack/Office Bag/School Bag/College Bag/Business Bag/Travel Backpack (Dimensions:13x18 inches) (Compatible with 15.6 inch laptop) 30 L (Blue & black),499,4.3 out of 5 stars,"13,221"
https://www.amazon.in/FUR-JADEN-Leatherette-Polypropylene-DUFF05/dp/B07M9BRCQ5/ref=sr_1_2?crid=2M096C61O4MLT&keywords=bags&qid=1697548159&sprefix=ba%2Caps%2C283&sr=8-2,Fur Jaden Brown Textured Leatherette Stylish & Spacious Weekender Duffle Bag for Travel,799,4.3 out of 5 stars,"6,874"
https://www.amazon.in/American-Tourister-AMT-SCH-02/dp/B07CJCGM1M/ref=sr_1_3?crid=2M096C61O4MLT&keywords=bags&qid=1697548159&sprefix=ba%2Caps%2C283&sr=8-3,American Tourister Fizz Large Size 32 Ltrs Casual Backpack (BLACK),899,4.0 out of 5 stars,"56,347"
https://www.amazon.in/Lenovo-15-6-Inches-Everyday-Backpack/dp/B08R7RPVJF/ref=sr_1_4?crid=2M096C61O4MLT&keywords=bags&qid=1697548159&sprefix=ba%2Caps%2C283&sr=8-4,"Lenovo 15.6"" (39.62cm) Slim Everyday Backpack, Made in India, Compact, Water-resistant, Organized storage:Laptop sleeve,tablet pocket,front workstation,2-side pockets,Padded adjustable shoulder straps",449,4.3 out of 5 stars,"5,256"
https://www.amazon.in/Wesley-Spartan-Hiking-Raincover-Organiser/dp/B098QFF5TJ/ref=sr_1_5?crid=2M096C61O4MLT&keywords=bags&qid=1697548159&sprefix=ba%2Caps%2C283&sr=8-5,Wesley Spartan Unisex Travel Hiking Laptop Bag fits Upto 17.3 inch with Raincover and Internal Organiser Backpack Rucksack College Bag,689,4.1 out of 5 stars,"1,951"
https://www.amazon.in/Half-Moon-Backpack-Luggage-Compartment/dp/B09VCLZ3K4/ref=sr_1_6?crid=2M096C61O4MLT&keywords=bags&qid=1697548159&sprefix=ba%2Caps%2C283&sr=8-6,Half Moon Large 37L Laptop Bag Backpack for menं Women Boys and Girls Luggage Travel Bags with 17.3 inches Laptop Compartment & Rain Cover,689,3.9 out of 5 stars,"3,842"
https://www.amazon.in/Number-Backpack-Compartment-Charging-Organizer/dp/B09VTDMRY7/ref=sr_1_7?crid=2M096C61O4MLT&keywords=bags&qid=1697548159&sprefix=ba%2Caps%2C283&sr=8-7,"FUR JADEN Anti Theft Number Lock Backpack Bag with 15.6 Inch Laptop Compartment, USB Charging Port & Organizer Pocket for Men Women Boys Girls",699,4.1 out of 5 stars,"6,653"
https://www.amazon.in/TRUE-HUMAN-Anti-Theft-backpack-charging/dp/B09QJ7ZF2Y/ref=sr_1_8?crid=2M096C61O4MLT&keywords=bags&qid=1697548159&sprefix=ba%2Caps%2C283&sr=8-8,TRUE HUMAN EMPEROR® Anti-Theft backpack With USB charging Port Laptop bag/Office bag/college bag/travel bag with anti -theft back pocket (LEGEND),529,3.7 out of 5 stars,"2,764"
https://www.amazon.in/Wesley-Milestone-Waterproof-Backpack-Business/dp/B085S444JV/ref=sr_1_9?crid=2M096C61O4MLT&keywords=bags&qid=1697548159&sprefix=ba%2Caps%2C283&sr=8-9,"Wesley Milestone 2.0 Casual Waterproof Laptop Backpack/Office Bag/School Bag/College Bag/Business Bag/Travel Backpack (Dimensions:13x18 inches) (Compatible with 15.6"" laptop) 30 L, Charcoal black",499,4.3 out of 5 stars,"13,221"
https://www.amazon.in/ADISA-BP010-Weight-Casual-Backpack/dp/B07MXL986B/ref=sr_1_10?crid=2M096C61O4MLT&keywords=bags&qid=1697548159&sprefix=ba%2Caps%2C283&sr=8-10,ADISA 32 Ltrs Water Resistant Casual Travel Bagpack/College Backpack/School Office Bag for Men and Women,374,3.9 out of 5 stars,"4,291"
https://www.amazon.in/Half-Moon-Waterproof-Backpack-Students/dp/B085MHDJ93/ref=sr_1_11?crid=2M096C61O4MLT&keywords=bags&qid=1697548159&sprefix=ba%2Caps%2C283&sr=8-11,"Half Moon 35L Water Resistant 15.6 inch Laptop Bag/ Backpack, Navy Blue | Office Bag for Men and Women with Padded Laptop Compartment | Rain Cover & Reflective Strips",549,3.9 out of 5 stars,"17,605"
https://www.amazon.in/Backpack-Small-Black-Water-Repellant/dp/B088XB5XY8/ref=sr_1_12?crid=2M096C61O4MLT&keywords=bags&qid=1697548159&sprefix=ba%2Caps%2C283&sr=8-12,"Mi Step Out 12 L Mini Backpack (Small Size, Black, Water Repellant)",229,4.1 out of 5 stars,"10,270"
https://www.amazon.in/Impulse-Belux-Backpack-Resistant-Black/dp/B0CJHL12N9/ref=sr_1_13?crid=2M096C61O4MLT&keywords=bags&qid=1697548159&sprefix=ba%2Caps%2C283&sr=8-13,Impulse Belux 45L Laptop Backpack/Office Bag/School Bag/College Bag/Business Bag/Travel Backpack Water Resistant Fits Up to 16 Inch Laptop with 1 Year Warranty,510,5.0 out of 5 stars,11
https://www.amazon.in/Gear-Classic-Leather-Backpack-LBPCLSLTH0519/dp/B07G4JQX2F/ref=sr_1_14?crid=2M096C61O4MLT&keywords=bags&qid=1697548159&sprefix=ba%2Caps%2C283&sr=8-14,Gear Classic 20L Small Faux Leather Water Resistant Anti Theft Laptop Bag/Backpack for Men/Women (Navy-Tan),799,4.4 out of 5 stars,"6,797"
https://www.amazon.in/Safari-45L-21-OB-BLK/dp/B07BZ5VC4H/ref=sr_1_15?crid=2M096C61O4MLT&keywords=bags&qid=1697548159&sprefix=ba%2Caps%2C283&sr=8-15,Safari Seek 45 Ltrs Overnighter Expandable Travel Laptop Backpack,"2,299",4.5 out of 5 stars,"7,727"
https://www.amazon.in/Safari-Laptop-Backpack-Raincover-college/dp/B097JH4V5G/ref=sr_1_16?crid=2M096C61O4MLT&keywords=bags&qid=1697548159&sprefix=ba%2Caps%2C283&sr=8-16,"Safari Omega 30L Laptop Backpack with Raincover, school bag for boys and girls, college bag, office bag, travel bag for men and women, Teal",699,3.9 out of 5 stars,155
https://www.amazon.in/Wesley-Milestone-Waterproof-Backpack-Business/dp/B084JGJ8PF/ref=sr_1_1?crid=2M096C61O4MLT&keywords=bags&qid=1697548163&sprefix=ba%2Caps%2C283&sr=8-1,Wesley Milestone 2.0 Casual Waterproof Laptop Backpack/Office Bag/School Bag/College Bag/Business Bag/Travel Backpack (Dimensions:13x18 inches) (Compatible with 15.6 inch laptop) 30 L (Blue & black),499,4.3 out of 5 stars,"13,221"
https://www.amazon.in/FUR-JADEN-Leatherette-Polypropylene-DUFF05/dp/B07M9BRCQ5/ref=sr_1_2?crid=2M096C61O4MLT&keywords=bags&qid=1697548163&sprefix=ba%2Caps%2C283&sr=8-2,Fur Jaden Brown Textured Leatherette Stylish & Spacious Weekender Duffle Bag for Travel,799,4.3 out of 5 stars,"6,874"
https://www.amazon.in/American-Tourister-AMT-SCH-02/dp/B07CJCGM1M/ref=sr_1_3?crid=2M096C61O4MLT&keywords=bags&qid=1697548163&sprefix=ba%2Caps%2C283&sr=8-3,American Tourister Fizz Large Size 32 Ltrs Casual Backpack (BLACK),899,4.0 out of 5 stars,"56,347"
https://www.amazon.in/Lenovo-15-6-Inches-Everyday-Backpack/dp/B08R7RPVJF/ref=sr_1_4?crid=2M096C61O4MLT&keywords=bags&qid=1697548163&sprefix=ba%2Caps%2C283&sr=8-4,"Lenovo 15.6"" (39.62cm) Slim Everyday Backpack, Made in India, Compact, Water-resistant, Organized storage:Laptop sleeve,tablet pocket,front workstation,2-side pockets,Padded adjustable shoulder straps",449,4.3 out of 5 stars,"5,256"
https://www.amazon.in/Wesley-Spartan-Hiking-Raincover-Organiser/dp/B098QFF5TJ/ref=sr_1_5?crid=2M096C61O4MLT&keywords=bags&qid=1697548163&sprefix=ba%2Caps%2C283&sr=8-5,Wesley Spartan Unisex Travel Hiking Laptop Bag fits Upto 17.3 inch with Raincover and Internal Organiser Backpack Rucksack College Bag,689,4.1 out of 5 stars,"1,951"
https://www.amazon.in/Half-Moon-Backpack-Luggage-Compartment/dp/B09VCLZ3K4/ref=sr_1_6?crid=2M096C61O4MLT&keywords=bags&qid=1697548163&sprefix=ba%2Caps%2C283&sr=8-6,Half Moon Large 37L Laptop Bag Backpack for menं Women Boys and Girls Luggage Travel Bags with 17.3 inches Laptop Compartment & Rain Cover,689,3.9 out of 5 stars,"3,842"
https://www.amazon.in/Number-Backpack-Compartment-Charging-Organizer/dp/B09VTDMRY7/ref=sr_1_7?crid=2M096C61O4MLT&keywords=bags&qid=1697548163&sprefix=ba%2Caps%2C283&sr=8-7,"FUR JADEN Anti Theft Number Lock Backpack Bag with 15.6 Inch Laptop Compartment, USB Charging Port & Organizer Pocket for Men Women Boys Girls",699,4.1 out of 5 stars,"6,653"
https://www.amazon.in/TRUE-HUMAN-Anti-Theft-backpack-charging/dp/B09QJ7ZF2Y/ref=sr_1_8?crid=2M096C61O4MLT&keywords=bags&qid=1697548163&sprefix=ba%2Caps%2C283&sr=8-8,TRUE HUMAN EMPEROR® Anti-Theft backpack With USB charging Port Laptop bag/Office bag/college bag/travel bag with anti -theft back pocket (LEGEND),529,3.7 out of 5 stars,"2,764"
https://www.amazon.in/Wesley-Milestone-Waterproof-Backpack-Business/dp/B085S444JV/ref=sr_1_9?crid=2M096C61O4MLT&keywords=bags&qid=1697548163&sprefix=ba%2Caps%2C283&sr=8-9,"Wesley Milestone 2.0 Casual Waterproof Laptop Backpack/Office Bag/School Bag/College Bag/Business Bag/Travel Backpack (Dimensions:13x18 inches) (Compatible with 15.6"" laptop) 30 L, Charcoal black",499,4.3 out of 5 stars,"13,221"
https://www.amazon.in/ADISA-BP010-Weight-Casual-Backpack/dp/B07MXL986B/ref=sr_1_10?crid=2M096C61O4MLT&keywords=bags&qid=1697548163&sprefix=ba%2Caps%2C283&sr=8-10,ADISA 32 Ltrs Water Resistant Casual Travel Bagpack/College Backpack/School Office Bag for Men and Women,374,3.9 out of 5 stars,"4,291"
https://www.amazon.in/Half-Moon-Waterproof-Backpack-Students/dp/B085MHDJ93/ref=sr_1_11?crid=2M096C61O4MLT&keywords=bags&qid=1697548163&sprefix=ba%2Caps%2C283&sr=8-11,"Half Moon 35L Water Resistant 15.6 inch Laptop Bag/ Backpack, Navy Blue | Office Bag for Men and Women with Padded Laptop Compartment | Rain Cover & Reflective Strips",549,3.9 out of 5 stars,"17,605"
https://www.amazon.in/Backpack-Small-Black-Water-Repellant/dp/B088XB5XY8/ref=sr_1_12?crid=2M096C61O4MLT&keywords=bags&qid=1697548163&sprefix=ba%2Caps%2C283&sr=8-12,"Mi Step Out 12 L Mini Backpack (Small Size, Black, Water Repellant)",229,4.1 out of 5 stars,"10,270"
https://www.amazon.in/Impulse-Belux-Backpack-Resistant-Black/dp/B0CJHL12N9/ref=sr_1_13?crid=2M096C61O4MLT&keywords=bags&qid=1697548163&sprefix=ba%2Caps%2C283&sr=8-13,Impulse Belux 45L Laptop Backpack/Office Bag/School Bag/College Bag/Business Bag/Travel Backpack Water Resistant Fits Up to 16 Inch Laptop with 1 Year Warranty,510,5.0 out of 5 stars,11
https://www.amazon.in/Gear-Classic-Leather-Backpack-LBPCLSLTH0519/dp/B07G4JQX2F/ref=sr_1_14?crid=2M096C61O4MLT&keywords=bags&qid=1697548163&sprefix=ba%2Caps%2C283&sr=8-14,Gear Classic 20L Small Faux Leather Water Resistant Anti Theft Laptop Bag/Backpack for Men/Women (Navy-Tan),799,4.4 out of 5 stars,"6,797"
https://www.amazon.in/Amazon-Brand-Presto-Oxo-Biodegradable-Garbage/dp/B0821PN8L4/ref=sr_1_15?crid=2M096C61O4MLT&keywords=bags&qid=1697548163&sprefix=ba%2Caps%2C283&sr=8-15,"Amazon Brand - Presto! Oxo-Biodegradable Garbage Bags, Medium -(19 x 21 inches) - 30 bags/roll (Pack of 6, Black)",289,4.4 out of 5 stars,"35,896"
https://www.amazon.in/Safari-Laptop-Backpack-Raincover-college/dp/B097JH4V5G/ref=sr_1_16?crid=2M096C61O4MLT&keywords=bags&qid=1697548163&sprefix=ba%2Caps%2C283&sr=8-16,"Safari Omega 30L Laptop Backpack with Raincover, school bag for boys and girls, college bag, office bag, travel bag for men and women, Teal",699,3.9 out of 5 stars,155
https://www.amazon.in/Wesley-Milestone-Waterproof-Backpack-Business/dp/B084JGJ8PF/ref=sr_1_1?crid=2M096C61O4MLT&keywords=bags&qid=1697548167&sprefix=ba%2Caps%2C283&sr=8-1,Wesley Milestone 2.0 Casual Waterproof Laptop Backpack/Office Bag/School Bag/College Bag/Business Bag/Travel Backpack (Dimensions:13x18 inches) (Compatible with 15.6 inch laptop) 30 L (Blue & black),499,4.3 out of 5 stars,"13,221"
https://www.amazon.in/American-Tourister-AMT-SCH-02/dp/B07CJCGM1M/ref=sr_1_2?crid=2M096C61O4MLT&keywords=bags&qid=1697548167&sprefix=ba%2Caps%2C283&sr=8-2,American Tourister Fizz Large Size 32 Ltrs Casual Backpack (BLACK),899,4.0 out of 5 stars,"56,347"
https://www.amazon.in/Wesley-Spartan-Hiking-Raincover-Organiser/dp/B098QFF5TJ/ref=sr_1_3?crid=2M096C61O4MLT&keywords=bags&qid=1697548167&sprefix=ba%2Caps%2C283&sr=8-3,Wesley Spartan Unisex Travel Hiking Laptop Bag fits Upto 17.3 inch with Raincover and Internal Organiser Backpack Rucksack College Bag,689,4.1 out of 5 stars,"1,951"
https://www.amazon.in/TRUE-HUMAN-Anti-Theft-backpack-charging/dp/B09QJ7ZF2Y/ref=sr_1_4?crid=2M096C61O4MLT&keywords=bags&qid=1697548167&sprefix=ba%2Caps%2C283&sr=8-4,TRUE HUMAN EMPEROR® Anti-Theft backpack With USB charging Port Laptop bag/Office bag/college bag/travel bag with anti -theft back pocket (LEGEND),529,3.7 out of 5 stars,"2,764"
https://www.amazon.in/Number-Backpack-Compartment-Charging-Organizer/dp/B09VTDMRY7/ref=sr_1_5?crid=2M096C61O4MLT&keywords=bags&qid=1697548167&sprefix=ba%2Caps%2C283&sr=8-5,"FUR JADEN Anti Theft Number Lock Backpack Bag with 15.6 Inch Laptop Compartment, USB Charging Port & Organizer Pocket for Men Women Boys Girls",699,4.1 out of 5 stars,"6,653"
https://www.amazon.in/Half-Moon-Backpack-Luggage-Compartment/dp/B09VCLZ3K4/ref=sr_1_6?crid=2M096C61O4MLT&keywords=bags&qid=1697548167&sprefix=ba%2Caps%2C283&sr=8-6,Half Moon Large 37L Laptop Bag Backpack for menं Women Boys and Girls Luggage Travel Bags with 17.3 inches Laptop Compartment & Rain Cover,689,3.9 out of 5 stars,"3,842"
https://www.amazon.in/Half-Moon-Waterproof-Backpack-Students/dp/B085MHDJ93/ref=sr_1_7?crid=2M096C61O4MLT&keywords=bags&qid=1697548167&sprefix=ba%2Caps%2C283&sr=8-7,"Half Moon 35L Water Resistant 15.6 inch Laptop Bag/ Backpack, Navy Blue | Office Bag for Men and Women with Padded Laptop Compartment | Rain Cover & Reflective Strips",549,3.9 out of 5 stars,"17,605"
https://www.amazon.in/Lenovo-15-6-Inches-Everyday-Backpack/dp/B08R7RPVJF/ref=sr_1_8?crid=2M096C61O4MLT&keywords=bags&qid=1697548167&sprefix=ba%2Caps%2C283&sr=8-8,"Lenovo 15.6"" (39.62cm) Slim Everyday Backpack, Made in India, Compact, Water-resistant, Organized storage:Laptop sleeve,tablet pocket,front workstation,2-side pockets,Padded adjustable shoulder straps",449,4.3 out of 5 stars,"5,256"
https://www.amazon.in/ADISA-Laptop-Backpack-Office-College/dp/B09TPX22NF/ref=sr_1_9?crid=2M096C61O4MLT&keywords=bags&qid=1697548167&sprefix=ba%2Caps%2C283&sr=8-9,ADISA 15.6 inch laptop backpack office bag college travel back pack 32 Ltrs,399,3.9 out of 5 stars,"1,397"
https://www.amazon.in/American-Tourister-BACKPACK-COMPARTMENT-ORGANIZER/dp/B0BTD4S4XF/ref=sr_1_10?crid=2M096C61O4MLT&keywords=bags&qid=1697548167&sprefix=ba%2Caps%2C283&sr=8-10,American Tourister Valex 28 Ltrs Large Laptop Backpack with Bottle Pocket and Front Organizer- Black,"1,399",4.3 out of 5 stars,"1,342"
https://www.amazon.in/FUR-JADEN-Leatherette-Polypropylene-DUFF05/dp/B07M9BRCQ5/ref=sr_1_11?crid=2M096C61O4MLT&keywords=bags&qid=1697548167&sprefix=ba%2Caps%2C283&sr=8-11,Fur Jaden Brown Textured Leatherette Stylish & Spacious Weekender Duffle Bag for Travel,799,4.3 out of 5 stars,"6,874"
https://www.amazon.in/Backpack-Small-Black-Water-Repellant/dp/B088XB5XY8/ref=sr_1_12?crid=2M096C61O4MLT&keywords=bags&qid=1697548167&sprefix=ba%2Caps%2C283&sr=8-12,"Mi Step Out 12 L Mini Backpack (Small Size, Black, Water Repellant)",229,4.1 out of 5 stars,"10,270"
https://www.amazon.in/Wesley-Milestone-Waterproof-Backpack-Business/dp/B085S444JV/ref=sr_1_13?crid=2M096C61O4MLT&keywords=bags&qid=1697548167&sprefix=ba%2Caps%2C283&sr=8-13,"Wesley Milestone 2.0 Casual Waterproof Laptop Backpack/Office Bag/School Bag/College Bag/Business Bag/Travel Backpack (Dimensions:13x18 inches) (Compatible with 15.6"" laptop) 30 L, Charcoal black",499,4.3 out of 5 stars,"13,221"
https://www.amazon.in/Impulse-Belux-Backpack-Resistant-Black/dp/B0CJHL12N9/ref=sr_1_14?crid=2M096C61O4MLT&keywords=bags&qid=1697548167&sprefix=ba%2Caps%2C283&sr=8-14,Impulse Belux 45L Laptop Backpack/Office Bag/School Bag/College Bag/Business Bag/Travel Backpack Water Resistant Fits Up to 16 Inch Laptop with 1 Year Warranty,510,5.0 out of 5 stars,11
https://www.amazon.in/Safari-Laptop-Backpack-Raincover-college/dp/B097JH4V5G/ref=sr_1_15?crid=2M096C61O4MLT&keywords=bags&qid=1697548167&sprefix=ba%2Caps%2C283&sr=8-15,"Safari Omega 30L Laptop Backpack with Raincover, school bag for boys and girls, college bag, office bag, travel bag for men and women, Teal",699,3.9 out of 5 stars,155
https://www.amazon.in/ADISA-BP010-Weight-Casual-Backpack/dp/B07MXL986B/ref=sr_1_16?crid=2M096C61O4MLT&keywords=bags&qid=1697548167&sprefix=ba%2Caps%2C283&sr=8-16,ADISA 32 Ltrs Water Resistant Casual Travel Bagpack/College Backpack/School Office Bag for Men and Women,374,3.9 out of 5 stars,"4,291"
